company,filing_date,stage,sebi_url,discovered_at
SS RETAIL LIMITED,"Sep 09, 2026",pipeline,https://www.sebi.gov.in/filings/public-issues/sep-2026/ss-retail-limited-rhp_104355.html,2026-09-09T17:32:38.033378
Rentomojo Limited –,"Sep 09, 2026",pipeline,https://www.sebi.gov.in/filings/public-issues/sep-2026/rentomojo-limited-addendum-to-rhp_104349.html,2026-09-09T17:32:39.216534
Jindal Supreme (India) Limited,"Sep 08, 2026",pipeline,https://www.sebi.gov.in/filings/public-issues/sep-2026/jindal-supreme-india-limited-rhp_104328.html,2026-09-09T17:32:40.114071
Tempsens Instruments (India) Limited,"Sep 08, 2026",pipeline,https://www.sebi.gov.in/filings/public-issues/sep-2026/tempsens-instruments-india-limited-rhp_104326.html,2026-09-09T17:32:41.043877
Veegaland Developers Ltd.,"Aug 31, 2026",pipeline,https://www.sebi.gov.in/filings/public-issues/aug-2026/veegaland-developers-ltd-rhp_104160.html,2026-09-09T17:32:41.993700
Deepa Jewellers Limited,"Aug 25, 2026",pipeline,https://www.sebi.gov.in/filings/public-issues/aug-2026/deepa-jewellers-limited-rhp_104030.html,2026-09-09T17:32:43.310684
ESDS Software Solution Limited,"Aug 25, 2026",pipeline,https://www.sebi.gov.in/filings/public-issues/aug-2026/esds-software-solution-limited-rhp_103893.html,2026-09-09T17:32:44.159631
Priority Jewels Limited,"Aug 24, 2026",pipeline,https://www.sebi.gov.in/filings/public-issues/aug-2026/priority-jewels-limited-rhp_103896.html,2026-09-09T17:32:45.418598
LUMINO INDUSTRIES LIMITED,"Aug 21, 2026",pipeline,https://www.sebi.gov.in/filings/public-issues/aug-2026/lumino-industries-limited-rhp_103845.html,2026-09-09T17:32:47.595101
Rays of Belief Limited,"Aug 20, 2026",pipeline,https://www.sebi.gov.in/filings/public-issues/aug-2026/rays-of-belief-limited-rhp_103782.html,2026-09-09T17:32:48.508322
